Country_Region,Confirmed,Deaths,Recovered
Afghanistan,52513,2201,41727
Albania,58316,1181,33634
Algeria,99897,2762,67395
Andorra,8117,84,7463
Angola,17568,405,11146
Antigua and Barbuda,159,5,148
Argentina,1629594,43319,1426676
Armenia,159738,2828,143355
Australia,118,3,114
Australia,4947,54,0
Australia,75,0,71
Australia,1255,6,1224
Australia,580,4,566
Australia,234,13,221
Australia,20388,820,19539
Australia,863,9,838
Austria,358774,7564,334901
Azerbaijan,219041,2670,188280
Bahamas,7887,171,6239
Bahrain,92913,352,90369
Bangladesh,514500,7576,458656
Barbados,395,7,319
Belarus,196223,1433,178102
Belgium,79680,0,0
Belgium,81557,0,0
Belgium,65260,0,0
Belgium,49270,0,0
Belgium,102209,0,0
Belgium,97027,0,0
Belgium,29349,0,0
Belgium,18416,0,0
Belgium,35462,0,0
Belgium,10701,19581,0
Belgium,25144,0,0
Belgium,54214,0,0
Belize,10776,248,9795
Benin,3251,44,3061
Bhutan,689,0,449
Bolivia,160985,9175,132510
Bosnia and Herzegovina,112143,4086,77682
Botswana,14805,42,12136
Brazil,41689,796,33670
Brazil,105091,2496,99710
Brazil,68361,926,52670
Brazil,201574,5295,170178
Brazil,494684,9159,478198
Brazil,336504,10004,269846
Brazil,252077,4263,241952
Brazil,249271,5093,227931
Brazil,309191,6805,298401
Brazil,200959,4506,190884
Brazil,180659,4530,170171
Brazil,135361,2360,117816
Brazil,546884,12001,494278
Brazil,293807,7209,275483
Brazil,167062,3680,127030
Brazil,418323,7993,305194
Brazil,222993,9666,189850
Brazil,143210,2848,139971
Brazil,119338,3009,68394
Brazil,451912,8917,424406
Brazil,435390,25600,397324
Brazil,95999,1822,81122
Brazil,68858,787,65405
Brazil,494447,5270,467020
Brazil,1466191,46775,1287986
Brazil,113544,2492,99824
Brazil,90592,1239,80658
Brunei,157,3,149
Bulgaria,202540,7604,120343
Burkina Faso,6828,85,5152
Burma,125042,2697,107777
Burundi,822,2,687
Cabo Verde,11872,113,11569
Cambodia,379,0,362
Cameroon,26848,448,24892
Canada,100428,1046,84827
Canada,51990,901,42127
Canada,0,1,0
Canada,13,0,13
Canada,24700,667,19528
Canada,601,9,567
Canada,390,4,366
Canada,24,0,24
Canada,1497,65,1399
Canada,266,1,262
Canada,192482,4581,162622
Canada,94,0,89
Canada,208390,8388,170045
Canada,13,0,13
Canada,15634,155,12496
Canada,60,1,59
Central African Republic,4963,63,1924
Chad,2141,104,1704
Chile,23887,585,22670
Chile,23161,311,21736
Chile,10859,225,10408
Chile,8520,113,8328
Chile,1588,15,1436
Chile,47898,802,44427
Chile,14308,299,13731
Chile,26170,263,24352
Chile,9004,93,8239
Chile,17010,233,16264
Chile,25783,556,23574
Chile,319937,10813,304802
Chile,10821,218,9979
Chile,21682,588,20563
Chile,15896,287,14924
Chile,58,1,44
Chile,35982,1258,33726
China,993,6,986
China,988,9,944
China,590,6,584
China,513,1,488
China,182,2,180
China,2046,8,2011
China,264,2,261
China,147,2,145
China,171,6,165
China,373,6,367
China,964,13,942
China,1299,22,1270
China,8888,149,7912
China,68149,4512,63637
China,1021,4,1016
China,364,1,340
China,684,0,682
China,935,1,934
China,157,2,155
China,359,2,287
China,46,0,46
China,75,0,75
China,18,0,18
China,508,3,490
China,863,7,847
China,1520,7,1420
China,224,0,221
China,853,3,822
China,312,3,300
China,1,0,1
China,980,3,977
China,230,2,215
China,1306,1,1293
Colombia,3249,125,3102
Colombia,263708,4817,245839
Colombia,4600,134,4300
Colombia,94549,3443,87898
Colombia,52000,1107,49335
Colombia,28803,620,26406
Colombia,32668,644,30213
Colombia,475253,9868,430079
Colombia,15042,533,13707
Colombia,8825,182,8169
Colombia,18844,505,16984
Colombia,33637,996,30947
Colombia,4888,169,4613
Colombia,29590,1679,27564
Colombia,67608,1726,62249
Colombia,1235,20,1204
Colombia,1964,37,1907
Colombia,35109,1130,32925
Colombia,14217,545,13119
Colombia,24836,1075,22950
Colombia,34072,745,32218
Colombia,31603,987,28571
Colombia,40621,2022,36640
Colombia,5929,245,5349
Colombia,23916,659,21856
Colombia,34605,760,31061
Colombia,2471,39,2391
Colombia,67850,2405,61143
Colombia,17477,679,16392
Colombia,44552,1276,41274
Colombia,0,0,0
Colombia,138870,4297,127897
Colombia,1139,12,1120
Colombia,1150,14,1126
Comoros,823,10,705
Congo (Brazzaville),7107,108,5846
Congo (Kinshasa),17849,591,14701
Costa Rica,169321,2185,131923
Cote d'Ivoire,22563,138,21981
Croatia,212007,3961,199820
Cuba,12056,146,10345
Cyprus,23108,126,2057
Czechia,732022,11711,600073
Denmark,610,0,551
Denmark,27,0,21
Denmark,165930,1322,130818
Diamond Princess,712,13,699
Djibouti,5840,61,5735
Dominica,88,0,83
Dominican Republic,172218,2416,131543
Ecuador,213378,14051,184507
Egypt,139471,7687,112826
El Salvador,46515,1327,45960
Equatorial Guinea,5277,86,5136
Eritrea,1320,3,643
Estonia,28406,234,19027
Eswatini,9482,216,7073
Ethiopia,124652,1937,112251
Fiji,49,2,44
Finland,36676,598,29000
France,13166,71,9995
France,16926,114,4842
France,8620,155,2242
France,6091,43,98
France,5890,55,2964
France,38,0,38
France,9037,42,8706
France,190,0,172
France,16,0,14
France,995,12,855
France,2636045,64399,170896
Gabon,9571,64,9388
Gambia,3800,124,3669
Georgia,228410,2528,214992
Germany,237993,4789,190409
Germany,324937,6716,264172
Germany,96788,1247,78947
Germany,41241,937,32460
Germany,13559,194,12067
Germany,36417,632,27236
Germany,136577,2845,109223
Germany,11997,171,9469
Germany,106789,1967,92555
Germany,393185,6552,326307
Germany,71993,1428,54190
Germany,19879,432,18075
Germany,132356,3139,100200
Germany,29200,602,23248
Germany,24792,425,19000
Germany,42034,995,31186
Germany,2102,0,0
Ghana,54930,335,53758
Greece,139447,4881,93764
Grenada,127,0,107
Guatemala,138236,4820,126606
Guinea,13738,81,13153
Guinea-Bissau,2452,45,2397
Guyana,6348,164,5868
Haiti,10015,236,8624
Holy See,27,0,15
Honduras,122974,3160,56936
Hungary,325278,9667,157063
Iceland,5754,29,5578
India,4946,62,4826
India,882612,7108,871916
India,16719,56,16564
India,216251,1049,211910
India,252219,1400,245476
India,19799,318,19045
India,280507,3375,264769
India,3378,2,3365
India,625954,10557,609322
India,51135,739,49388
India,245772,4309,230893
India,262611,2911,255853
India,55470,936,51728
India,121227,1884,116079
India,115241,1030,112424
India,920373,12096,896116
India,765924,3095,692480
India,9525,127,9144
India,0,0,0
India,242571,3618,228831
India,1935636,49580,1828546
India,28206,356,26678
India,13445,139,13139
India,4219,8,4098
India,11929,79,11646
India,329866,1876,325432
India,38164,633,37115
India,166770,5349,157496
India,308852,2700,295987
India,5900,128,5233
India,818935,12135,797391
India,287108,1546,279456
India,33276,385,32779
India,0,0,46107
India,586751,8379,563278
India,91281,1515,84692
India,553216,9738,530366
Indonesia,751270,22329,617936
Iran,1231429,55337,995570
Iraq,596193,12824,539817
Ireland,93532,2248,23364
Israel,428510,3356,379910
Italy,35723,1218,23132
Italy,10982,256,4585
Italy,24265,479,14923
Italy,191407,2864,110215
Italy,174141,7808,109546
Italy,50742,1669,37320
Italy,164964,3792,84811
Italy,60881,2898,52386
Italy,481959,25203,401444
Italy,42317,1581,28997
Italy,6634,192,4719
Italy,29764,742,18229
Italy,22033,952,19182
Italy,198886,7960,164397
Italy,92359,2481,35965
Italy,31478,751,14048
Italy,94766,2440,57979
Italy,120917,3700,107381
Italy,29188,625,24759
Italy,7290,381,6501
Italy,258680,6629,159469
Jamaica,12915,303,10532
Japan,16767,216,13596
Japan,143,1,100
Japan,492,8,385
Japan,11208,121,8660
Japan,471,13,365
Japan,355,12,325
Japan,9121,119,7272
Japan,956,21,673
Japan,2348,35,1706
Japan,2339,45,1935
Japan,3392,36,1778
Japan,13536,456,11309
Japan,10128,220,8404
Japan,2488,38,2123
Japan,1084,51,915
Japan,389,24,297
Japan,306,3,206
Japan,1031,14,875
Japan,21730,280,17855
Japan,669,8,540
Japan,1905,18,1466
Japan,4906,53,3431
Japan,1297,18,1108
Japan,2221,16,1694
Japan,783,9,668
Japan,1206,15,1029
Japan,675,4,311
Japan,2000,24,1620
Japan,545,3,436
Japan,700,6,561
Japan,1390,15,762
Japan,5411,81,4902
Japan,30297,588,25866
Japan,1900,1,1750
Japan,469,3,409
Japan,14511,211,11017
Japan,1199,12,937
Japan,209,0,178
Japan,2717,41,2177
Japan,1534,6,1006
Japan,199,9,183
Japan,61105,631,50365
Japan,119,0,66
Japan,562,26,478
Japan,8,0,8
Japan,629,7,565
Japan,390,9,304
Japan,589,3,460
Japan,576,11,482
Jordan,295765,3851,271834
Kazakhstan,202060,2749,176774
Kenya,96614,1681,78802
"Korea, South",62593,942,43578
Kosovo,51502,1336,41854
Kuwait,150869,936,146777
Kyrgyzstan,81156,1356,76148
Laos,41,0,40
Latvia,41615,644,29018
Lebanon,183888,1479,127959
Lesotho,3206,51,1496
Liberia,1800,83,1406
Libya,100744,1487,73252
Liechtenstein,2245,44,1810
Lithuania,147862,1841,98149
Luxembourg,46415,495,40978
MS Zaandam,9,2,7
Madagascar,17714,261,17228
Malawi,6684,191,5708
Maldives,13804,48,13150
Mali,7203,271,4694
Malta,12909,219,11178
Marshall Islands,4,0,4
Mauritania,14581,349,11652
Mauritius,527,10,496
Mexico,17021,1371,0
Mexico,34889,5559,0
Mexico,17820,784,0
Mexico,7273,972,0
Mexico,8293,1206,0
Mexico,36517,4440,0
Mexico,334137,16873,0
Mexico,49685,4198,0
Mexico,7949,799,0
Mexico,25248,1555,0
Mexico,83520,5365,0
Mexico,26024,2716,0
Mexico,24599,3429,0
Mexico,52399,6079,0
Mexico,147443,19017,0
Mexico,33235,2764,0
Mexico,9930,1456,0
Mexico,7922,1053,0
Mexico,83209,5202,0
Mexico,28404,2130,0
Mexico,47636,5755,0
Mexico,32582,1890,0
Mexico,15968,2031,0
Mexico,39968,3074,0
Mexico,26847,4238,0
Mexico,52146,4196,0
Mexico,44592,3207,0
Mexico,39416,3281,0
Mexico,11351,1420,0
Mexico,0,0,1083768
Mexico,43211,6353,0
Mexico,26748,2323,0
Mexico,21203,1771,0
Moldova,145258,3004,131701
Monaco,885,3,718
Mongolia,1220,1,855
Montenegro,48589,684,38780
Morocco,440970,7425,409638
Mozambique,18794,167,16680
Namibia,24545,208,20727
Nepal,261019,1864,253107
Netherlands,5509,49,5179
Netherlands,196,3,180
Netherlands,4289,16,2950
Netherlands,13733,140,0
Netherlands,19687,157,0
Netherlands,15047,177,0
Netherlands,89615,1305,0
Netherlands,15519,97,0
Netherlands,48067,1029,0
Netherlands,125157,2384,0
Netherlands,137991,1655,0
Netherlands,55192,695,0
Netherlands,1458,27,1342
Netherlands,2402,46,0
Netherlands,67520,871,0
Netherlands,10626,130,0
Netherlands,204608,2843,0
New Zealand,2162,26,2082
Nicaragua,4829,165,4225
Niger,3403,106,1828
Nigeria,88587,1294,74373
North Macedonia,83743,2510,61943
Norway,49803,436,17998
Oman,128867,1499,121890
Pakistan,8303,224,7691
Pakistan,18181,184,17752
Pakistan,4862,101,4713
Pakistan,38020,421,34617
Pakistan,59023,1661,53942
Pakistan,139341,4085,124125
Pakistan,216632,3582,196134
Panama,249733,4064,197928
Papua New Guinea,780,9,661
Paraguay,108349,2262,81977
Peru,18509,574,0
Peru,30909,2886,0
Peru,7520,361,0
Peru,48339,4261,0
Peru,15304,835,0
Peru,25250,1606,0
Peru,43393,5199,0
Peru,25418,1596,0
Peru,7903,392,0
Peru,20492,1077,0
Peru,32100,3693,0
Peru,28307,2419,0
Peru,37341,4817,0
Peru,33391,4602,0
Peru,449514,42170,0
Peru,26403,2749,0
Peru,9603,155,0
Peru,16104,881,0
Peru,6588,339,0
Peru,42790,6328,0
Peru,19379,1533,0
Peru,25818,1608,0
Peru,14736,798,0
Peru,9477,769,0
Peru,20549,1583,0
Peru,0,0,951318
Philippines,475820,9248,439895
Poland,1305774,28956,1046281
Portugal,420629,6972,338668
Qatar,144042,245,141556
Romania,636201,15841,566365
Russia,11103,92,9085
Russia,33124,888,30660
Russia,13901,103,13104
Russia,16004,105,14415
Russia,43679,443,34495
Russia,19187,389,12731
Russia,19234,145,15153
Russia,22007,262,20143
Russia,23343,216,21566
Russia,25909,595,23333
Russia,8783,93,4531
Russia,35008,542,23245
Russia,539,4,480
Russia,16488,538,14867
Russia,23622,1124,20301
Russia,12227,141,10149
Russia,40785,1233,36091
Russia,21444,521,16505
Russia,3765,72,2953
Russia,15926,263,14120
Russia,18013,178,16305
Russia,14879,200,12470
Russia,21222,172,19911
Russia,10176,82,8997
Russia,15215,41,13637
Russia,27910,163,21665
Russia,25887,470,22980
Russia,35419,204,31286
Russia,17680,264,14727
Russia,41514,544,37963
Russia,25864,230,19403
Russia,30606,578,28439
Russia,15102,235,11397
Russia,27922,946,18783
Russia,46833,1725,41500
Russia,12102,170,10678
Russia,20980,305,19071
Russia,24056,265,21690
Russia,16192,258,12378
Russia,7048,65,6542
Russia,9234,121,8219
Russia,13578,95,11225
Russia,815676,11280,633702
Russia,156898,2914,113744
Russia,36363,655,33259
Russia,796,0,697
Russia,70321,1663,62602
Russia,12098,101,10700
Russia,18520,99,13825
Russia,28037,974,24240
Russia,30368,878,27683
Russia,21544,270,19579
Russia,28922,345,25363
Russia,26244,321,21188
Russia,30956,1143,25114
Russia,29522,379,21247
Russia,23598,100,12179
Russia,52043,2077,42352
Russia,18296,162,16764
Russia,245870,7769,151505
Russia,26547,394,24026
Russia,15886,17,13460
Russia,31704,618,29316
Russia,35596,421,30519
Russia,17215,337,13823
Russia,35325,740,31909
Russia,58980,1527,51326
Russia,17810,188,15982
Russia,13375,186,10738
Russia,24600,218,20299
Russia,23056,760,20243
Russia,22503,456,17884
Russia,23523,204,22147
Russia,14791,157,13621
Russia,19854,388,16211
Russia,36589,474,33625
Russia,18739,510,16931
Russia,35699,464,33919
Russia,23761,438,19039
Russia,46589,1175,43968
Russia,32273,336,25074
Russia,22483,194,21094
Russia,27480,386,25377
Rwanda,8460,94,6598
Saint Kitts and Nevis,32,0,29
Saint Lucia,353,5,289
Saint Vincent and the Grenadines,121,0,98
Samoa,2,0,2
San Marino,2384,59,2042
Sao Tome and Principe,1022,17,973
Saudi Arabia,362878,6230,354081
Senegal,19364,410,17375
Serbia,339997,3250,0
Seychelles,267,0,214
Sierra Leone,2635,76,1906
Singapore,58629,29,58449
Slovakia,285079,2250,127190
Slovenia,123950,2728,100868
Solomon Islands,17,0,5
Somalia,4714,130,3612
South Africa,1073887,28887,887701
South Sudan,3558,63,3131
Spain,264371,5123,10671
Spain,80023,2634,3772
Spain,27171,1343,1063
Spain,35569,469,1533
Spain,148797,2941,9970
Spain,26859,415,1537
Spain,17948,393,2287
Spain,100673,4086,6392
Spain,132611,5081,8716
Spain,356724,8723,26203
Spain,3072,59,163
Spain,37208,1067,2652
Spain,61143,1379,9204
Spain,18426,586,3107
Spain,399499,11828,40736
Spain,4540,43,125
Spain,60316,744,2180
Spain,42494,960,3905
Spain,110821,2963,16160
Spain,0,0,0
Sri Lanka,43856,208,36155
Sudan,25730,1468,13524
Suriname,6277,123,5771
Sweden,4698,44,0
Sweden,10603,225,0
Sweden,14484,319,0
Sweden,2202,28,0
Sweden,12380,140,0
Sweden,4446,85,0
Sweden,17129,331,0
Sweden,6455,102,0
Sweden,8607,197,0
Sweden,7646,133,0
Sweden,13265,218,0
Sweden,13869,360,0
Sweden,66753,667,0
Sweden,9036,308,0
Sweden,118357,3271,0
Sweden,17704,352,0
Sweden,5972,122,0
Sweden,8278,83,0
Sweden,10138,225,0
Sweden,13566,260,0
Sweden,71791,1257,0
Switzerland,452296,7948,317600
Syria,11526,717,5420
Taiwan*,802,7,682
Tajikistan,13665,90,12894
Tanzania,509,21,183
Thailand,7163,63,4299
Timor-Leste,44,0,32
Togo,3662,68,3443
Trinidad and Tobago,7158,127,6671
Tunisia,140557,4730,105499
Turkey,2220855,21093,2114760
US,4239,50,0
US,13823,169,0
US,1517,33,0
US,1854,46,0
US,4693,63,0
US,888,22,0
US,1522,45,0
US,9584,157,0
US,2366,63,0
US,1429,22,0
US,3004,54,0
US,491,22,0
US,2418,26,0
US,1150,34,0
US,1036,16,0
US,3643,38,0
US,4701,60,0
US,839,17,0
US,519,7,0
US,2931,40,0
US,960,36,0
US,7194,78,0
US,3371,63,0
US,2821,43,0
US,6978,62,0
US,6542,83,0
US,2682,34,0
US,10110,96,0
US,1441,19,0
US,3300,37,0
US,1691,20,0
US,679,20,0
US,1468,33,0
US,1268,8,0
US,7371,64,0
US,5183,34,0
US,53058,719,0
US,1065,15,0
US,6566,70,0
US,2082,43,0
US,10450,75,0
US,6879,58,0
US,951,32,0
US,1009,30,0
US,22590,179,0
US,1812,26,0
US,2112,43,0
US,9271,86,0
US,26151,508,0
US,1226,11,0
US,16240,276,0
US,10817,89,0
US,0,0,0
US,879,10,0
US,1756,26,0
US,2029,23,0
US,1262,30,0
US,2824,6,0
US,15877,103,0
US,6577,73,0
US,857,24,0
US,5211,76,0
US,2383,98,0
US,18745,218,0
US,0,0,0
US,5296,138,0
US,1199,24,0
US,890,19,0
US,1977,30,0
US,39,0,0
US,198,0,0
US,22922,120,0
US,2428,9,0
US,0,0,0
US,158,0,0
US,60,0,0
US,122,1,0
US,4929,19,0
US,22,0,0
US,1050,5,0
US,3627,17,0
US,240,0,0
US,914,2,0
US,767,2,0
US,6381,16,0
US,275,0,0
US,806,2,0
US,401,0,0
US,31,1,0
US,72,1,0
US,270,0,0
US,17,0,0
US,408,3,0
US,218,0,0
US,0,0,0
US,25,0,0
US,52,1,0
US,209,4,0
US,7594,244,0
US,7585,136,0
US,11344,214,0
US,4552,136,0
US,3287,51,0
US,403,4,0
US,1523,35,0
US,325404,5196,0
US,12892,349,0
US,11559,347,0
US,0,0,0
US,70563,1082,0
US,28137,372,0
US,6082,101,0
US,0,0,0
US,11530,221,0
US,27812,527,0
US,1324,31,0
US,1291,21,0
US,2114,71,0
US,18355,266,0
US,2593,68,0
US,957,15,0
US,239,1,0
US,2110,30,0
US,1418,30,0
US,1388,21,0
US,1332,31,0
US,1286,38,0
US,577,19,0
US,1591,43,0
US,1343,16,0
US,10176,136,0
US,4542,59,0
US,4360,74,0
US,1424,36,0
US,490,11,0
US,967,11,0
US,1463,19,0
US,7817,94,0
US,1111,25,0
US,895,36,0
US,5898,154,0
US,1101,12,0
US,4463,52,0
US,1240,11,0
US,3661,56,0
US,1113,18,0
US,2809,94,0
US,1334,13,0
US,2831,22,0
US,6797,129,0
US,1885,20,0
US,345,4,0
US,1587,35,0
US,1449,26,0
US,2828,24,0
US,827,39,0
US,1453,11,0
US,4235,81,0
US,1048,12,0
US,655,24,0
US,2783,25,0
US,4411,95,0
US,486,7,0
US,508,18,0
US,598,20,0
US,557,24,0
US,1393,29,0
US,446,5,0
US,1272,25,0
US,701,10,0
US,2418,62,0
US,1275,42,0
US,5584,58,0
US,554,16,0
US,25209,392,0
US,1473,42,0
US,7751,105,0
US,611,11,0
US,510,11,0
US,9788,158,0
US,2096,20,0
US,1158,32,0
US,2758,20,0
US,770,27,0
US,2828,0,0
US,2523,73,0
US,771,8,0
US,21805,223,0
US,4893,69,0
US,367,2,0
US,2423,43,0
US,54593,579,0
US,67,0,0
US,2533,24,0
US,8609,105,0
US,1189,21,0
US,1413,7,0
US,42063,351,0
US,760,2,0
US,6193,27,0
US,72553,717,0
US,1819,9,0
US,1789,21,0
US,24262,418,0
US,614,20,0
US,69484,512,0
US,16926,108,0
US,1888,24,0
US,4641,11,0
US,790582,10552,0
US,11235,66,0
US,9915,148,0
US,255,4,0
US,2428,24,0
US,19506,229,0
US,316,0,0
US,896,3,0
US,29215,191,0
US,5924,28,0
US,2759,15,0
US,183865,1875,0
US,14628,133,0
US,421,1,0
US,197931,1990,0
US,67632,848,0
US,3805,28,0
US,209559,1590,0
US,168145,1592,0
US,24381,187,0
US,48400,657,0
US,11430,94,0
US,25174,194,0
US,18322,164,0
US,72215,680,0
US,9531,84,0
US,8866,72,0
US,32,0,0
US,1064,3,0
US,19582,97,0
US,19624,189,0
US,38472,642,0
US,6600,52,0
US,3397,9,0
US,301,2,0
US,38046,454,0
US,2927,13,0
US,0,0,0
US,43779,253,0
US,8530,120,0
US,3884,19,0
US,42940,575,0
US,1036,29,0
US,41266,607,0
US,529,1,0
US,208,2,0
US,1164,20,0
US,15667,195,0
US,3104,68,0
US,1148,21,0
US,100,6,0
US,319,2,0
US,362,4,0
US,159,2,0
US,1671,14,0
US,163,2,0
US,1799,40,0
US,51643,726,0
US,56,0,0
US,17595,210,0
US,3576,16,0
US,44440,688,0
US,1097,12,0
US,4819,30,0
US,4211,38,0
US,140,3,0
US,706,4,0
US,813,6,0
US,19,0,0
US,280,16,0
US,41,0,0
US,31701,655,0
US,78,2,0
US,462,10,0
US,2385,32,0
US,449,0,0
US,16319,179,0
US,716,9,0
US,805,3,0
US,3415,59,0
US,9853,159,0
US,45,1,0
US,621,22,0
US,1356,18,0
US,2487,39,0
US,2220,88,0
US,1704,55,0
US,165,3,0
US,0,0,0
US,432,5,0
US,313,12,0
US,1273,4,0
US,1039,20,0
US,14507,346,0
US,306,3,0
US,522,9,0
US,1111,19,0
US,280,4,0
US,29,0,0
US,439,0,0
US,157,2,0
US,2188,5,0
US,1067,12,0
US,30,0,0
US,370,11,0
US,21820,297,0
US,703,15,0
US,56288,1720,0
US,46680,1852,0
US,7476,225,0
US,6566,237,0
US,47375,1529,0
US,10618,245,0
US,4900,109,0
US,665,0,0
US,5140,78,0
US,9329,200,0
US,33433,541,0
US,15166,324,0
US,136,0,0
US,49,0,0
US,29252,788,0
US,15866,129,0
US,2470,36,0
US,11907,209,0
US,2180,23,0
US,21034,523,0
US,137610,1847,0
US,1233,28,0
US,7410,231,0
US,6663,266,0
US,11261,186,0
US,22506,332,0
US,6007,117,0
US,2898,56,0
US,1115,11,0
US,61321,725,0
US,22349,373,0
US,3724,48,0
US,900,4,0
US,3988,59,0
US,1014,23,0
US,769,11,0
US,1333,27,0
US,1277,15,0
US,2110,20,0
US,3291,49,0
US,7336,278,0
US,4975,204,0
US,77118,1071,0
US,1683,25,0
US,6875,159,0
US,4649,118,0
US,994,16,0
US,1422,22,0
US,15559,295,0
US,40635,672,0
US,19574,175,0
US,1851,19,0
US,750,14,0
US,1540,33,0
US,22332,433,0
US,17799,463,0
US,7839,210,0
US,298873,4188,0
US,4226,35,0
US,4775,66,0
US,12857,231,0
US,2430,51,0
US,76458,749,0
US,25344,288,0
US,82890,1895,0
US,21932,376,0
US,44975,1049,0
US,37403,790,0
US,3990,72,0
US,11180,128,0
US,18607,509,0
US,18083,314,0
US,13072,113,0
US,14278,405,0
US,5085,120,0
US,4015,97,0
US,1967,25,0
US,3010,0,0
US,1439,65,0
US,22291,449,0
US,2106,25,0
US,4891,48,0
US,1971,30,0
US,1688,44,0
US,778,9,0
US,1020,25,0
US,166,6,0
US,3244,75,0
US,1245,20,0
US,5433,67,0
US,8062,130,0
US,1492,44,0
US,1145,31,0
US,10250,261,0
US,1016,35,0
US,1054,20,0
US,1000,31,0
US,1963,21,0
US,4454,57,0
US,1588,20,0
US,1732,48,0
US,371,11,0
US,2515,22,0
US,690,37,0
US,7675,126,0
US,3470,39,0
US,1028,19,0
US,13710,239,0
US,2208,3,0
US,1829,47,0
US,16869,132,0
US,10184,66,0
US,179,3,0
US,14623,234,0
US,652,14,0
US,45028,577,0
US,4126,93,0
US,3179,53,0
US,10236,100,0
US,1289,25,0
US,8453,84,0
US,429,8,0
US,1395,39,0
US,811,8,0
US,1829,16,0
US,38737,532,0
US,2029,51,0
US,1457,63,0
US,680,25,0
US,4829,213,0
US,8425,109,0
US,811,41,0
US,376,3,0
US,2701,35,0
US,1651,33,0
US,1880,53,0
US,667,13,0
US,1376,43,0
US,4920,77,0
US,7828,128,0
US,11006,81,0
US,1832,26,0
US,57724,790,0
US,1846,38,0
US,179,4,0
US,5297,135,0
US,4943,66,0
US,1333,32,0
US,1144,28,0
US,58565,604,0
US,3729,93,0
US,18627,235,0
US,680,48,0
US,1884,38,0
US,1482,29,0
US,1556,33,0
US,589,11,0
US,13699,159,0
US,8216,130,0
US,666,17,0
US,5735,73,0
US,845,9,0
US,1254,35,0
US,1319,40,0
US,567,34,0
US,744,34,0
US,1185,24,0
US,1197,32,0
US,532,10,0
US,3814,122,0
US,1567,33,0
US,1948,31,0
US,439,11,0
US,514,5,0
US,8766,136,0
US,1977,23,0
US,469,16,0
US,1878,24,0
US,314,10,0
US,1369,26,0
US,513,10,0
US,1119,20,0
US,551,3,0
US,1380,52,0
US,1622,64,0
US,626,10,0
US,1170,10,0
US,3058,42,0
US,9888,209,0
US,6009,127,0
US,2369,42,0
US,900,14,0
US,24826,348,0
US,8712,111,0
US,1554,33,0
US,1878,20,0
US,1672,33,0
US,1351,21,0
US,3483,46,0
US,600,30,0
US,1374,31,0
US,100,1,0
US,1151,17,0
US,426,31,0
US,15042,253,0
US,4065,81,0
US,235,2,0
US,595,15,0
US,683,12,0
US,3762,98,0
US,2266,50,0
US,685,17,0
US,1737,74,0
US,295,9,0
US,55,0,0
US,1520,36,0
US,541,14,0
US,819,39,0
US,576,35,0
US,2844,85,0
US,3654,81,0
US,2371,70,0
US,813,37,0
US,510,15,0
US,5051,128,0
US,669,25,0
US,424,19,0
US,3676,6,0
US,1465,42,0
US,2258,82,0
US,4154,59,0
US,5729,92,0
US,3293,83,0
US,286,9,0
US,1402,46,0
US,2146,49,0
US,89,2,0
US,490,19,0
US,2173,37,0
US,11947,126,0
US,591,35,0
US,639,10,0
US,640,18,0
US,1162,40,0
US,103,3,0
US,7326,122,0
US,1922,45,0
US,18235,224,0
US,147,1,0
US,1432,17,0
US,661,2,0
US,0,0,0
US,38262,355,0
US,260,3,0
US,6440,63,0
US,274,2,0
US,433,4,0
US,3649,46,0
US,1562,13,0
US,240,2,0
US,1960,13,0
US,10383,117,0
US,568,7,0
US,162,0,0
US,56,0,0
US,20597,219,0
US,534,10,0
US,2537,20,0
US,53,0,0
US,828,6,0
US,203,2,0
US,1347,9,0
US,916,8,0
US,871,14,0
US,1416,21,0
US,1147,18,0
US,1024,15,0
US,2067,15,0
US,2217,16,0
US,12612,116,0
US,2154,6,0
US,462,9,0
US,342,5,0
US,434,9,0
US,5248,18,0
US,2062,23,0
US,3027,44,0
US,250,2,0
US,886,20,0
US,2062,24,0
US,546,4,0
US,840,26,0
US,723,2,0
US,7946,113,0
US,1,0,0
US,482,3,0
US,994,14,0
US,6477,73,0
US,341,7,0
US,1554,15,0
US,5070,61,0
US,451,5,0
US,2813,66,0
US,381,1,0
US,1333,31,0
US,1586,19,0
US,13832,84,0
US,2600,49,0
US,1212,24,0
US,1198,32,0
US,4485,75,0
US,4294,70,0
US,393652,7860,0
US,1578,20,0
US,937,14,0
US,915,18,0
US,6643,78,0
US,1854,22,0
US,61805,958,0
US,1344,27,0
US,397,5,0
US,3860,52,0
US,2664,46,0
US,1227,37,0
US,3362,48,0
US,2342,28,0
US,330,3,0
US,1115,30,0
US,3859,44,0
US,601,10,0
US,1316,20,0
US,217,7,0
US,397,4,0
US,3692,39,0
US,2323,49,0
US,3650,51,0
US,894,13,0
US,2926,81,0
US,1972,30,0
US,1388,21,0
US,982,9,0
US,41511,564,0
US,10678,152,0
US,8449,68,0
US,4059,104,0
US,8363,186,0
US,48300,763,0
US,1985,20,0
US,2707,30,0
US,3140,51,0
US,2705,39,0
US,7959,163,0
US,3273,60,0
US,21054,341,0
US,3548,97,0
US,578,8,0
US,1026,37,0
US,893,26,0
US,1978,35,0
US,19128,204,0
US,11621,97,0
US,729,6,0
US,1069,24,0
US,3135,59,0
US,2166,22,0
US,3007,65,0
US,1260,19,0
US,4102,59,0
US,19,0,0
US,13172,193,0
US,2185,44,0
US,1046,7,0
US,1395,38,0
US,196,1,0
US,560,3,0
US,319,0,0
US,3324,43,0
US,1309,31,0
US,11014,223,0
US,1764,31,0
US,13219,176,0
US,543,3,0
US,327,1,0
US,1793,31,0
US,19050,329,0
US,449,19,0
US,3242,46,0
US,10431,172,0
US,145,1488,0
US,1697,29,0
US,6429,75,0
US,1048,11,0
US,1496,34,0
US,1225,18,0
US,1336,40,0
US,1122,20,0
US,4828,124,0
US,52293,724,0
US,5316,98,0
US,24019,344,0
US,2786,47,0
US,2645,40,0
US,28274,507,0
US,5522,111,0
US,753,10,0
US,895,24,0
US,4541,71,0
US,752,11,0
US,1354,14,0
US,4244,64,0
US,8544,125,0
US,1887,38,0
US,3240,37,0
US,602,11,0
US,2299,73,0
US,3014,68,0
US,3877,48,0
US,2135,77,0
US,7712,146,0
US,4704,62,0
US,22792,356,0
US,2219,45,0
US,5197,119,0
US,1546,31,0
US,1245,30,0
US,1411,34,0
US,3059,72,0
US,5042,121,0
US,1966,61,0
US,24249,316,0
US,5246,89,0
US,2693,39,0
US,11661,228,0
US,4296,63,0
US,6723,136,0
US,2477,47,0
US,3788,54,0
US,2491,33,0
US,1511,24,0
US,2185,50,0
US,1708,36,0
US,12309,265,0
US,2938,71,0
US,6884,82,0
US,2059,63,0
US,7650,150,0
US,40230,697,0
US,3338,80,0
US,9071,225,0
US,71487,1300,0
US,4519,87,0
US,601,12,0
US,2758,39,0
US,8075,116,0
US,2889,65,0
US,4354,88,0
US,831,24,0
US,4081,63,0
US,400,10,0
US,1245,33,0
US,1344,37,0
US,1175,12,0
US,1212,23,0
US,947,28,0
US,12948,204,0
US,1941,27,0
US,858,34,0
US,2489,39,0
US,1860,51,0
US,2513,42,0
US,1221,15,0
US,1933,38,0
US,3447,74,0
US,1520,14,0
US,24443,418,0
US,1560,46,0
US,2681,27,0
US,1689,29,0
US,508,6,0
US,15176,94,0
US,1100,37,0
US,0,231,0
US,511,4,0
US,15786,271,0
US,1274,32,0
US,9391,184,0
US,2630,58,0
US,545,10,0
US,5326,107,0
US,1450,16,0
US,5291,152,0
US,1935,51,0
US,2351,38,0
US,2500,28,0
US,610,17,0
US,266,2,0
US,1184,25,0
US,976,36,0
US,384,7,0
US,1989,37,0
US,12820,218,0
US,1924,15,0
US,2271,44,0
US,1445,16,0
US,3727,26,0
US,1290,22,0
US,1173,9,0
US,2393,30,0
US,1056,38,0
US,1398,18,0
US,4353,62,0
US,1241,22,0
US,1041,11,0
US,690,6,0
US,1551,12,0
US,1396,46,0
US,4151,55,0
US,2133,22,0
US,7983,66,0
US,639,20,0
US,430,4,0
US,1637,29,0
US,3548,34,0
US,1717,20,0
US,10653,136,0
US,1020,24,0
US,1412,19,0
US,1284,34,0
US,909,17,0
US,472,5,0
US,648,7,0
US,1095,17,0
US,957,23,0
US,1491,24,0
US,1183,24,0
US,1457,26,0
US,1446,53,0
US,2485,27,0
US,727,17,0
US,983,18,0
US,699,29,0
US,1141,21,0
US,1785,29,0
US,2914,53,0
US,1033,20,0
US,11186,47,0
US,2593,48,0
US,792,25,0
US,1559,32,0
US,2878,24,0
US,16659,245,0
US,1076,24,0
US,584,8,0
US,1260,25,0
US,975,8,0
US,1749,34,0
US,2716,47,0
US,4037,57,0
US,1285,15,0
US,1048,30,0
US,549,16,0
US,682,17,0
US,770,15,0
US,3584,75,0
US,1591,53,0
US,614,8,0
US,1373,13,0
US,819,8,0
US,3366,51,0
US,724,12,0
US,41670,412,0
US,8327,95,0
US,1212,24,0
US,367,7,0
US,1041,14,0
US,14197,152,0
US,950,24,0
US,4355,44,0
US,8033,31,0
US,1762,55,0
US,547,9,0
US,751,0,0
US,1034,19,0
US,456,11,0
US,3144,91,0
US,3836,34,0
US,1893,28,0
US,384,21,0
US,4455,64,0
US,1104,28,0
US,1386,18,0
US,12339,167,0
US,528,3,0
US,1530,18,0
US,683,11,0
US,594,2,0
US,1268,10,0
US,291,3,0
US,2229,35,0
US,971,10,0
US,1057,22,0
US,5493,23,0
US,238,3,0
US,189,3,0
US,1764,33,0
US,284,10,0
US,195,5,0
US,647,20,0
US,864,22,0
US,523,10,0
US,150,7,0
US,2663,46,0
US,3454,34,0
US,231,8,0
US,1274,16,0
US,738,7,0
US,6196,34,0
US,240,8,0
US,114,0,0
US,3231,54,0
US,1059,10,0
US,5482,35,0
US,5182,44,0
US,1835,18,0
US,1841,17,0
US,335,20,0
US,206,3,0
US,912,14,0
US,523,9,0
US,95,1,0
US,471,6,0
US,188,0,0
US,434,15,0
US,2707,27,0
US,364,2,0
US,162,5,0
US,1039,10,0
US,1206,10,0
US,151,3,0
US,39696,454,0
US,507,9,0
US,564,7,0
US,178,1,0
US,1993,30,0
US,127,5,0
US,5118,38,0
US,217,2,0
US,534,3,0
US,276,6,0
US,3404,59,0
US,701,7,0
US,855,21,0
US,2385,26,0
US,400,4,0
US,1880,15,0
US,401,3,0
US,2316,27,0
US,404,16,0
US,201,8,0
US,1354,49,0
US,1229,14,0
US,306,15,0
US,1165,25,0
US,836,8,0
US,195,1,0
US,421,8,0
US,1012,7,0
US,585,12,0
US,1151,6,0
US,686,19,0
US,256,7,0
US,7041,104,0
US,578,11,0
US,820,4,0
US,4917,20,0
US,533,9,0
US,343,8,0
US,727,18,0
US,4552,58,0
US,515,16,0
US,40608,406,0
US,3533,28,0
US,11929,219,0
US,388,8,0
US,545,9,0
US,216,1,0
US,280,8,0
US,161,5,0
US,487,6,0
US,1393,21,0
US,904,7,0
US,295,5,0
US,0,94,0
US,452,8,0
US,161,2,0
US,440,8,0
US,182,5,0
US,685,7,0
US,119,2,0
US,15892,198,0
US,1202,39,0
US,1153,17,0
US,971,2,0
US,233,2,0
US,2536,35,0
US,505,8,0
US,1787,26,0
US,7521,38,0
US,926,1,0
US,3003,31,0
US,2162,2,0
US,275,3,0
US,597,3,0
US,658,5,0
US,4134,30,0
US,789,16,0
US,869,15,0
US,2344,25,0
US,4513,24,0
US,328,1,0
US,527,6,0
US,1363,6,0
US,826,23,0
US,4258,51,0
US,1452,15,0
US,1623,8,0
US,839,15,0
US,336,3,0
US,394,4,0
US,5737,74,0
US,537,13,0
US,784,1,0
US,670,0,0
US,23078,143,0
US,711,2,0
US,1805,15,0
US,2132,19,0
US,363,4,0
US,426,9,0
US,940,4,0
US,1238,6,0
US,2632,47,0
US,1295,32,0
US,750,10,0
US,2275,19,0
US,447,11,0
US,5949,42,0
US,1538,18,0
US,729,1,0
US,1229,9,0
US,2939,45,0
US,814,4,0
US,223,5,0
US,2623,79,0
US,846,19,0
US,50804,530,0
US,2598,46,0
US,1120,15,0
US,8747,66,0
US,738,14,0
US,1763,10,0
US,816,4,0
US,3645,14,0
US,758,5,0
US,1043,18,0
US,471,1,0
US,1027,3,0
US,775,23,0
US,1443,23,0
US,488,5,0
US,1695,39,0
US,320,5,0
US,5706,35,0
US,701,1,0
US,1510,20,0
US,1558,20,0
US,657,10,0
US,920,17,0
US,4265,41,0
US,1089,1,0
US,550,20,0
US,1133,4,0
US,215,1,0
US,1365,6,0
US,601,7,0
US,945,26,0
US,1378,12,0
US,518,0,0
US,1920,28,0
US,2855,17,0
US,255,3,0
US,1473,26,0
US,3737,48,0
US,428,6,0
US,304,10,0
US,612,1,0
US,1552,15,0
US,2923,34,0
US,686,0,0
US,3699,33,0
US,138,5,0
US,842,8,0
US,1214,3,0
US,1099,23,0
US,2457,23,0
US,2989,28,0
US,1183,10,0
US,987,5,0
US,1723,16,0
US,686,16,0
US,658,3,0
US,373,0,0
US,0,0,0
US,954,9,0
US,10105,84,0
US,869,9,0
US,1309,8,0
US,741,12,0
US,2741,9,0
US,300,3,0
US,1253,1,0
US,5082,153,0
US,2458,71,0
US,7849,117,0
US,1379,28,0
US,2695,90,0
US,1977,54,0
US,1202,47,0
US,8979,199,0
US,17819,517,0
US,13933,285,0
US,922,21,0
US,381,4,0
US,853,22,0
US,1072,34,0
US,1448,38,0
US,1764,51,0
US,25726,583,0
US,959,16,0
US,2458,91,0
US,2624,57,0
US,2044,81,0
US,1501,40,0
US,4840,120,0
US,2683,73,0
US,1392,38,0
US,31498,669,0
US,2285,65,0
US,1149,23,0
US,16753,188,0
US,6250,162,0
US,3339,73,0
US,8761,125,0
US,1307,18,0
US,2133,46,0
US,2840,58,0
US,20780,679,0
US,13951,284,0
US,0,0,0
US,1708,21,0
US,1918,57,0
US,8258,212,0
US,661,29,0
US,1744,40,0
US,2064,44,0
US,2367,39,0
US,3637,73,0
US,707,5,0
US,1323,43,0
US,2649,119,0
US,6576,202,0
US,3804,82,0
US,3080,102,0
US,15312,345,0
US,9038,184,0
US,273,3,0
US,6260,149,0
US,399,0,0
US,1842,66,0
US,3518,85,0
US,2168,76,0
US,3135,87,0
US,2822,68,0
US,1836,48,0
US,913,34,0
US,950,25,0
US,1227,30,0
US,2718,44,0
US,643,8,0
US,7457,98,0
US,454,5,0
US,551,12,0
US,1879,29,0
US,373,4,0
US,308,2,0
US,0,0,0
US,1123,21,0
US,2145,21,0
US,117,1,0
US,389,1,0
US,750,21,0
US,23,0,0
US,382,17,0
US,381,4,0
US,5209,64,0
US,5474,154,0
US,24815,367,0
US,39001,942,0
US,31911,711,0
US,2268,46,0
US,1341,10,0
US,5249,167,0
US,3620,75,0
US,6116,124,0
US,1382,22,0
US,11518,196,0
US,1487,53,0
US,8660,168,0
US,11363,181,0
US,742,27,0
US,46717,1129,0
US,55139,1089,0
US,1701,28,0
US,1816,22,0
US,3308,89,0
US,1185,8,0
US,0,55,0
US,8432,153,0
US,4752,78,0
US,2222,48,0
US,5396,206,0
US,2907,130,0
US,34655,905,0
US,1231,2,0
US,58429,1466,0
US,1278,65,0
US,26282,889,0
US,3832,158,0
US,75615,2321,0
US,27296,1104,0
US,24296,830,0
US,54556,1177,0
US,16810,3,0
US,42595,1266,0
US,336,14,0
US,319,2,0
US,5758,66,0
US,1142,26,0
US,618,9,0
US,597,24,0
US,545,28,0
US,2968,34,0
US,6219,187,0
US,658,26,0
US,9218,189,0
US,3070,68,0
US,7802,189,0
US,3194,45,0
US,849,10,0
US,737,33,0
US,1385,14,0
US,1224,41,0
US,3879,40,0
US,457,6,0
US,2889,77,0
US,2174,68,0
US,4667,88,0
US,1207,33,0
US,289,5,0
US,21619,596,0
US,1184,32,0
US,1002,38,0
US,3015,46,0
US,2417,69,0
US,2588,57,0
US,1974,32,0
US,1523,42,0
US,12635,184,0
US,3393,43,0
US,1104,46,0
US,813,37,0
US,3426,42,0
US,7675,154,0
US,12232,240,0
US,491,12,0
US,43274,543,0
US,82,2,0
US,304,9,0
US,4023,101,0
US,626,7,0
US,4207,61,0
US,7825,73,0
US,192,0,0
US,380,2,0
US,49473,1601,0
US,591,15,0
US,3557,52,0
US,979,19,0
US,1651,14,0
US,1689,25,0
US,20981,124,0
US,4011,44,0
US,479,8,0
US,7595,149,0
US,2932,65,0
US,286,9,0
US,9333,260,0
US,2253,33,0
US,61195,1636,0
US,1605,43,0
US,921,30,0
US,306,16,0
US,841,18,0
US,308,15,0
US,1015,22,0
US,18475,272,0
US,2490,10,0
US,530,9,0
US,963,27,0
US,12336,383,0
US,1497,57,0
US,229,4,0
US,2954,58,0
US,7026,158,0
US,3584,50,0
US,2637,89,0
US,17,0,0
US,4044,78,0
US,13702,193,0
US,84941,3624,0
US,990,18,0
US,1023,32,0
US,28973,323,0
US,2680,36,0
US,2871,41,0
US,3888,78,0
US,434,3,0
US,5040,28,0
US,2011,32,0
US,2595,37,0
US,6449,33,0
US,1928,20,0
US,1275,29,0
US,4149,27,0
US,6163,78,0
US,657,14,0
US,104,0,0
US,1221,15,0
US,4509,64,0
US,30280,277,0
US,1175,4,0
US,3481,59,0
US,911,11,0
US,1110,1,0
US,1992,18,0
US,3059,42,0
US,390,7,0
US,86273,1382,0
US,1185,12,0
US,1396,37,0
US,2636,31,0
US,2692,39,0
US,791,8,0
US,924,18,0
US,5379,65,0
US,341,18,0
US,546,9,0
US,603,14,0
US,547,15,0
US,152,1,0
US,1950,15,0
US,454,1,0
US,2847,29,0
US,396,7,0
US,675,12,0
US,1570,25,0
US,3073,39,0
US,1879,32,0
US,2028,43,0
US,2914,43,0
US,3321,25,0
US,755,5,0
US,2073,32,0
US,3530,46,0
US,410,8,0
US,9309,61,0
US,4216,50,0
US,905,14,0
US,2472,12,0
US,875,21,0
US,3198,49,0
US,690,4,0
US,37111,688,0
US,309,4,0
US,1308,26,0
US,1291,39,0
US,5516,55,0
US,1025,10,0
US,1599,14,0
US,11016,81,0
US,7654,57,0
US,1021,5,0
US,12538,205,0
US,16946,172,0
US,2512,9,0
US,671,6,0
US,790,16,0
US,2226,27,0
US,216,2,0
US,444,59,0
US,1500,2,0
US,1123,12,0
US,1755,13,0
US,18467,190,0
US,1024,7,0
US,588,7,0
US,3565,43,0
US,10834,88,0
US,880,14,0
US,1807,58,0
US,2235,40,0
US,869,23,0
US,1751,51,0
US,683,21,0
US,3450,95,0
US,1184,17,0
US,936,18,0
US,1607,37,0
US,526,10,0
US,723,20,0
US,1206,58,0
US,1349,30,0
US,1971,52,0
US,2195,45,0
US,1858,67,0
US,14885,139,0
US,5292,102,0
US,596,9,0
US,1740,35,0
US,996,25,0
US,1978,62,0
US,2074,55,0
US,10843,157,0
US,14118,272,0
US,1596,65,0
US,739,22,0
US,152,4,0
US,2322,51,0
US,8820,159,0
US,1467,25,0
US,467,14,0
US,766,24,0
US,5288,97,0
US,666,19,0
US,4289,84,0
US,4162,60,0
US,4992,171,0
US,919,16,0
US,2069,57,0
US,7758,118,0
US,2664,101,0
US,2592,79,0
US,4458,92,0
US,7294,136,0
US,1775,63,0
US,2929,63,0
US,3061,89,0
US,994,31,0
US,3032,142,0
US,1631,34,0
US,959,20,0
US,3453,76,0
US,3236,71,0
US,2633,81,0
US,890,30,0
US,2252,71,0
US,3196,42,0
US,2129,42,0
US,606,7,0
US,8957,168,0
US,2146,40,0
US,390,17,0
US,2064,64,0
US,1036,20,0
US,1202,18,0
US,2435,61,0
US,1240,33,0
US,2414,56,0
US,2026,40,0
US,1596,53,0
US,759,19,0
US,0,0,0
US,2865,42,0
US,1012,34,0
US,2773,79,0
US,4322,116,0
US,1698,27,0
US,789,18,0
US,533,23,0
US,1854,51,0
US,1014,33,0
US,2133,50,0
US,1629,4,0
US,1109,14,0
US,260,5,0
US,1824,32,0
US,1819,36,0
US,776,8,0
US,845,12,0
US,1203,16,0
US,961,12,0
US,13498,44,0
US,6068,96,0
US,2850,15,0
US,553,5,0
US,3817,20,0
US,3183,63,0
US,6503,99,0
US,661,18,0
US,379,6,0
US,5631,55,0
US,529,8,0
US,337,3,0
US,5580,49,0
US,376,5,0
US,6339,98,0
US,1272,56,0
US,7668,86,0
US,1502,20,0
US,1731,19,0
US,362,9,0
US,707,18,0
US,470,9,0
US,784,19,0
US,710,8,0
US,631,19,0
US,2096,15,0
US,6656,113,0
US,689,29,0
US,614,16,0
US,19064,278,0
US,689,23,0
US,637,10,0
US,1453,22,0
US,435,9,0
US,328,9,0
US,623,3,0
US,2343,37,0
US,411,1,0
US,23679,245,0
US,10125,160,0
US,15317,134,0
US,3250,31,0
US,30472,354,0
US,151,2,0
US,2515,46,0
US,2092,40,0
US,2346,52,0
US,549,3,0
US,3561,19,0
US,409,9,0
US,1050,24,0
US,932,10,0
US,1215,10,0
US,469,6,0
US,2360,24,0
US,1683,18,0
US,133,1,0
US,2044,41,0
US,1139,16,0
US,1510,17,0
US,522,5,0
US,504,9,0
US,1458,24,0
US,1624,31,0
US,3505,46,0
US,2286,18,0
US,542,3,0
US,1206,8,0
US,382,4,0
US,1285,21,0
US,1862,19,0
US,4100,61,0
US,2525,86,0
US,1285,14,0
US,2467,23,0
US,1842,21,0
US,2571,27,0
US,200,1,0
US,667,7,0
US,1611,17,0
US,1140,8,0
US,225,2,0
US,678,8,0
US,2033,23,0
US,203,1,0
US,230,3,0
US,3345,60,0
US,410,9,0
US,299,4,0
US,27407,290,0
US,465,5,0
US,6616,69,0
US,69480,1391,0
US,17610,336,0
US,1430,5,0
US,2027,34,0
US,1645,24,0
US,661,10,0
US,3827,52,0
US,1363,18,0
US,36960,0,0
US,1100,19,0
US,1667,9,0
US,1798,39,0
US,670,6,0
US,2462,39,0
US,122,1,0
US,1096,24,0
US,769,8,0
US,2050,58,0
US,603,22,0
US,294,1,0
US,682,8,0
US,135,4,0
US,6634,104,0
US,371,4,0
US,987,9,0
US,138,5,0
US,926,23,0
US,847,9,0
US,268,2,0
US,860,13,0
US,8854,56,0
US,9313,37,0
US,72,2,0
US,1324,23,0
US,43,0,0
US,162,2,0
US,1639,34,0
US,777,4,0
US,77,0,0
US,1471,16,0
US,4859,38,0
US,101,1,0
US,1089,9,0
US,509,3,0
US,143,0,0
US,111,7,0
US,177,0,0
US,6385,54,0
US,264,7,0
US,876,6,0
US,10,1,0
US,426,12,0
US,387,3,0
US,102,5,0
US,788,5,0
US,124,2,0
US,2156,26,0
US,875,11,0
US,1390,51,0
US,1027,28,0
US,440,3,0
US,357,5,0
US,3033,34,0
US,543,8,0
US,314,6,0
US,312,5,0
US,673,8,0
US,43,1,0
US,0,0,0
US,644,7,0
US,141,6,0
US,113,4,0
US,13847,161,0
US,2297,36,0
US,427,4,0
US,18,0,0
US,26,0,0
US,16,0,0
US,421,4,0
US,784,8,0
US,162,3,0
US,209,2,0
US,4329,48,0
US,521,9,0
US,717,9,0
US,1762,13,0
US,549,10,0
US,369,3,0
US,251,4,0
US,758,12,0
US,552,8,0
US,1447,18,0
US,824,9,0
US,639,14,0
US,3505,55,0
US,547,18,0
US,2476,24,0
US,70,0,0
US,490,6,0
US,3798,42,0
US,53581,515,0
US,102,4,0
US,409,7,0
US,210,2,0
US,153,1,0
US,363,4,0
US,1839,13,0
US,92,1,0
US,127,3,0
US,159,3,0
US,23,3,0
US,178,2,0
US,5829,96,0
US,711,15,0
US,179,0,0
US,55,0,0
US,176,2,0
US,675,13,0
US,47,2,0
US,470,13,0
US,555,1,0
US,543,5,0
US,583,4,0
US,589,2,0
US,38,0,0
US,341,5,0
US,677,5,0
US,22626,123,0
US,3026,34,0
US,69,0,0
US,36,0,0
US,3778,39,0
US,21,0,0
US,582,11,0
US,408,12,0
US,349,9,0
US,481,10,0
US,299,1,0
US,1014,2,0
US,160,1,0
US,230,11,0
US,746,8,0
US,538,19,0
US,3517,41,0
US,348,9,0
US,953,5,0
US,519,15,0
US,99,2,0
US,1743,3,0
US,15923,78,0
US,1795,10,0
US,3041,50,0
US,1156,19,0
US,385,11,0
US,151,4,0
US,27,0,0
US,317,8,0
US,382,3,0
US,46,0,0
US,706,9,0
US,1257,5,0
US,249,3,0
US,1638,17,0
US,883,6,0
US,273,3,0
US,28,0,0
US,1249,7,0
US,5016,57,0
US,1381,39,0
US,171850,2384,0
US,1974,16,0
US,3896,34,0
US,32,0,0
US,30,0,0
US,813,10,0
US,388,4,0
US,277,1,0
US,2163,44,0
US,199,4,0
US,1994,46,0
US,832,10,0
US,66,2,0
US,0,0,0
US,35756,489,0
US,379,3,0
US,1934,47,0
US,905,4,0
US,1263,7,0
US,662,15,0
US,1127,9,0
US,17624,435,0
US,4793,64,0
US,10918,141,0
US,3489,31,0
US,430,6,0
US,2787,0,0
US,15351,370,0
US,52473,2330,0
US,23630,627,0
US,31632,827,0
US,4683,137,0
US,9432,229,0
US,51576,2399,0
US,16157,397,0
US,48010,1707,0
US,4173,139,0
US,19893,725,0
US,48256,1683,0
US,35247,1049,0
US,23738,965,0
US,36513,1381,0
US,43267,1460,0
US,3121,112,0
US,15429,666,0
US,5122,215,0
US,1075,0,0
US,41887,1559,0
US,4378,183,0
US,41121,573,0
US,58,3,0
US,7027,92,0
US,2278,75,0
US,524,23,0
US,4097,46,0
US,97,0,0
US,17636,280,0
US,4586,73,0
US,921,15,0
US,279,5,0
US,8,0,0
US,242,8,0
US,6751,90,0
US,1043,10,0
US,286,0,0
US,2370,43,0
US,9881,344,0
US,123,3,0
US,2167,38,0
US,332,7,0
US,2314,42,0
US,1527,28,0
US,10308,297,0
US,861,4,0
US,8269,133,0
US,7414,75,0
US,536,35,0
US,959,42,0
US,1154,41,0
US,485,4,0
US,3368,0,0
US,192,7,0
US,4928,66,0
US,11917,205,0
US,1876,73,0
US,86505,5140,0
US,8301,206,0
US,2585,44,0
US,2997,23,0
US,3625,21,0
US,4585,96,0
US,1250,21,0
US,1158,8,0
US,1678,60,0
US,2107,35,0
US,726,11,0
US,12379,237,0
US,41988,1209,0
US,608,16,0
US,781,9,0
US,1317,36,0
US,2767,53,0
US,1383,23,0
US,112,1,0
US,2230,24,0
US,1859,10,0
US,125467,7745,0
US,944,15,0
US,1928,25,0
US,2337,66,0
US,34592,578,0
US,1393,45,0
US,89460,2401,0
US,61676,3348,0
US,8745,180,0
US,12425,253,0
US,21508,432,0
US,3365,62,0
US,23679,597,0
US,1397,63,0
US,3510,39,0
US,1229,16,0
US,0,154,0
US,4937,67,0
US,127132,7578,0
US,4415,82,0
US,35646,1288,0
US,27768,589,0
US,5796,43,0
US,6076,86,0
US,572,5,0
US,534,10,0
US,817,36,0
US,2182,44,0
US,3467,120,0
US,97931,2311,0
US,3169,40,0
US,1711,54,0
US,2114,14,0
US,5816,143,0
US,32,87,0
US,1249,32,0
US,874,16,0
US,2632,39,0
US,70614,1675,0
US,1421,23,0
US,522,11,0
US,10397,117,0
US,2662,30,0
US,638,2,0
US,1407,26,0
US,1212,27,0
US,1342,15,0
US,2534,61,0
US,1204,27,0
US,1843,24,0
US,4402,72,0
US,9195,159,0
US,6195,75,0
US,11161,146,0
US,5842,28,0
US,285,5,0
US,2723,17,0
US,1160,9,0
US,11101,158,0
US,2905,65,0
US,1257,15,0
US,821,20,0
US,368,5,0
US,6675,139,0
US,3629,83,0
US,5127,83,0
US,13900,138,0
US,649,11,0
US,1024,5,0
US,8700,85,0
US,2112,13,0
US,4227,67,0
US,14811,141,0
US,3227,81,0
US,20643,221,0
US,3186,37,0
US,15513,239,0
US,357,12,0
US,395,11,0
US,3570,63,0
US,1534,27,0
US,24500,312,0
US,2899,49,0
US,5958,94,0
US,2136,61,0
US,5340,89,0
US,1349,48,0
US,2758,35,0
US,326,5,0
US,9369,101,0
US,2259,18,0
US,11570,104,0
US,407,16,0
US,3510,41,0
US,3239,70,0
US,5378,20,0
US,1400,9,0
US,797,19,0
US,1328,25,0
US,3066,38,0
US,62454,554,0
US,875,6,0
US,1920,46,0
US,4871,75,0
US,6081,120,0
US,9597,89,0
US,1052,27,0
US,8730,66,0
US,5046,65,0
US,528,5,0
US,1807,44,0
US,2737,22,0
US,533,5,0
US,1646,21,0
US,11454,69,0
US,720,13,0
US,8048,123,0
US,2630,47,0
US,9840,137,0
US,4432,25,0
US,9017,168,0
US,4337,95,0
US,4912,61,0
US,2522,54,0
US,4331,78,0
US,2005,26,0
US,4430,75,0
US,692,8,0
US,917,10,0
US,169,3,0
US,82,0,0
US,12505,98,0
US,2679,68,0
US,44059,344,0
US,1093,9,0
US,444,10,0
US,2605,16,0
US,7422,145,0
US,3877,72,0
US,5516,103,0
US,2377,28,0
US,1031,5,0
US,189,2,0
US,1227,29,0
US,991,16,0
US,50,0,0
US,618,20,0
US,306,4,0
US,198,1,0
US,13619,176,0
US,19853,169,0
US,403,4,0
US,689,32,0
US,137,2,0
US,353,7,0
US,410,6,0
US,376,10,0
US,519,19,0
US,201,0,0
US,9161,66,0
US,170,7,0
US,298,2,0
US,266,4,0
US,248,8,0
US,473,16,0
US,212,8,0
US,530,19,0
US,309,7,0
US,1022,11,0
US,1127,27,0
US,1001,9,0
US,4599,90,0
US,1193,15,0
US,405,11,0
US,148,2,0
US,697,10,0
US,494,21,0
US,1465,21,0
US,545,12,0
US,276,12,0
US,1562,15,0
US,1866,22,0
US,391,5,0
US,95,2,0
US,593,10,0
US,29,0,0
US,4057,47,0
US,162,2,0
US,3121,70,0
US,273,10,0
US,906,17,0
US,0,7,0
US,1615,21,0
US,8424,174,0
US,400,7,0
US,3943,32,0
US,122,2,0
US,1367,30,0
US,8308,178,0
US,2729,71,0
US,3829,127,0
US,3101,25,0
US,3642,66,0
US,3169,101,0
US,2367,33,0
US,25723,405,0
US,1127,25,0
US,1917,35,0
US,8988,208,0
US,12046,152,0
US,2355,45,0
US,6147,164,0
US,1703,36,0
US,2616,77,0
US,70137,1519,0
US,4140,96,0
US,2722,72,0
US,11362,83,0
US,4912,112,0
US,10031,130,0
US,1806,29,0
US,84050,1059,0
US,2744,49,0
US,1668,30,0
US,4022,117,0
US,9685,168,0
US,2019,36,0
US,51821,817,0
US,4593,97,0
US,1756,46,0
US,692,19,0
US,1791,49,0
US,2103,41,0
US,1381,43,0
US,1963,80,0
US,3389,82,0
US,2138,36,0
US,3395,94,0
US,2783,72,0
US,12756,247,0
US,3517,61,0
US,10528,151,0
US,2385,44,0
US,14786,320,0
US,25805,595,0
US,2926,46,0
US,14800,480,0
US,6733,112,0
US,9312,186,0
US,844,22,0
US,3911,78,0
US,7580,133,0
US,735,28,0
US,35615,712,0
US,644,14,0
US,1834,26,0
US,5400,87,0
US,1008,33,0
US,2340,56,0
US,1187,26,0
US,1847,38,0
US,6137,80,0
US,1406,16,0
US,7297,124,0
US,2719,71,0
US,3266,80,0
US,7499,144,0
US,4439,103,0
US,3553,84,0
US,4243,66,0
US,3481,78,0
US,3448,54,0
US,20468,655,0
US,28040,657,0
US,10843,353,0
US,6196,178,0
US,0,0,0
US,3597,28,0
US,1711,56,0
US,513,11,0
US,15752,206,0
US,2996,83,0
US,5829,157,0
US,2290,51,0
US,8299,146,0
US,1628,36,0
US,1870,14,0
US,932,4,0
US,1307,3,0
US,308,2,0
US,1964,22,0
US,660,3,0
US,3980,32,0
US,2785,39,0
US,10582,52,0
US,2754,18,0
US,3671,17,0
US,1076,6,0
US,107,1,0
US,19231,163,0
US,478,4,0
US,6994,60,0
US,422,10,0
US,1457,7,0
US,4079,64,0
US,2981,31,0
US,2915,44,0
US,421,3,0
US,309,1,0
US,5394,43,0
US,2306,18,0
US,3848,37,0
US,380,5,0
US,379,9,0
US,201,0,0
US,345,3,0
US,878,7,0
US,828,9,0
US,2336,37,0
US,436,3,0
US,837,10,0
US,3312,33,0
US,1357,12,0
US,544,11,0
US,532,5,0
US,3590,30,0
US,2108,33,0
US,2547,8,0
US,906,6,0
US,716,4,0
US,1123,6,0
US,2565,24,0
US,3561,28,0
US,2937,52,0
US,1326,18,0
US,1164,9,0
US,6526,48,0
US,984,7,0
US,681,9,0
US,1414,15,0
US,57993,441,0
US,2600,27,0
US,3016,26,0
US,2728,28,0
US,0,0,0
US,1065,12,0
US,5883,28,0
US,3010,23,0
US,3135,25,0
US,5552,37,0
US,625,6,0
US,253,6,0
US,6566,85,0
US,1820,18,0
US,2479,16,0
US,3029,23,0
US,2956,17,0
US,544,9,0
US,48124,399,0
US,509,0,0
US,4650,46,0
US,3129,60,0
US,757,3,0
US,981,5,0
US,2461,10,0
US,472,5,0
US,1347,11,0
US,10058,112,0
US,553,3,0
US,837,14,0
US,756,9,0
US,448,7,0
US,278,3,0
US,3976,22,0
US,1387,39,0
US,37,1,0
US,170,1,0
US,134,2,0
US,816,14,0
US,5884,72,0
US,1425,17,0
US,1193,22,0
US,1910,18,0
US,197,4,0
US,6929,92,0
US,880,17,0
US,2650,32,0
US,2894,50,0
US,13928,210,0
US,815,8,0
US,25290,390,0
US,1977,30,0
US,31,0,0
US,308,0,0
US,5640,57,0
US,0,0,0
US,980,14,0
US,76,3,0
US,905,22,0
US,16070,141,0
US,17,1,0
US,2641,34,0
US,4674,90,0
US,54764,1036,0
US,3549,70,0
US,8525,256,0
US,2990,97,0
US,23833,571,0
US,8072,176,0
US,3098,56,0
US,30794,908,0
US,9566,201,0
US,9058,254,0
US,159,4,0
US,2844,90,0
US,9291,142,0
US,20544,594,0
US,2026,46,0
US,4094,50,0
US,1996,25,0
US,2856,73,0
US,5010,84,0
US,10647,306,0
US,14172,316,0
US,29810,960,0
US,1475,17,0
US,11866,227,0
US,7255,114,0
US,314,4,0
US,8827,231,0
US,729,10,0
US,1710,15,0
US,3129,87,0
US,4023,126,0
US,1907,45,0
US,1382,48,0
US,9003,269,0
US,28382,741,0
US,4261,129,0
US,9040,158,0
US,20747,511,0
US,17591,468,0
US,6174,124,0
US,1738,23,0
US,6061,144,0
US,3477,120,0
US,6178,204,0
US,36500,1155,0
US,1130,25,0
US,16957,436,0
US,5160,235,0
US,1751,34,0
US,95401,2450,0
US,1459,33,0
US,596,14,0
US,8021,248,0
US,1957,43,0
US,4987,88,0
US,149,3,0
US,1049,39,0
US,1939,61,0
US,0,0,0
US,2834,43,0
US,2442,47,0
US,1528,36,0
US,9226,135,0
US,1863,18,0
US,19808,428,0
US,811,29,0
US,23862,425,0
US,315,0,0
US,678,0,0
US,860,0,0
US,652,0,0
US,305,0,0
US,487,0,0
US,1775,0,0
US,157,0,0
US,446,0,0
US,612,0,0
US,5774,0,0
US,393,0,0
US,3491,0,0
US,707,0,0
US,1015,0,0
US,4881,0,0
US,698,0,0
US,724,0,0
US,191,0,0
US,444,0,0
US,743,0,0
US,450,0,0
US,449,0,0
US,894,0,0
US,23,0,0
US,1233,0,0
US,584,0,0
US,326,0,0
US,116,0,0
US,410,0,0
US,158,0,0
US,2568,0,0
US,1111,0,0
US,662,0,0
US,237,0,0
US,889,0,0
US,726,0,0
US,146,0,0
US,559,0,0
US,1115,0,0
US,160,0,0
US,406,0,0
US,106,0,0
US,785,0,0
US,603,0,0
US,329,0,0
US,871,0,0
US,53,0,0
US,167,0,0
US,995,0,0
US,838,0,0
US,820,0,0
US,492,0,0
US,842,0,0
US,454,0,0
US,205,0,0
US,172,0,0
US,297,0,0
US,1542,0,0
US,458,0,0
US,212,0,0
US,975,0,0
US,173,0,0
US,439,0,0
US,286,0,0
US,11063,0,0
US,944,0,0
US,808,0,0
US,233,0,0
US,2194,0,0
US,2224,0,0
US,1747,0,0
US,2377,1521,0
US,545,0,0
US,1048,0,0
US,1709,0,0
US,96,0,0
US,456,0,0
US,467,0,0
US,459,0,0
US,0,0,0
US,2403,58,0
US,9901,194,0
US,2595,11,0
US,58946,1348,0
US,9622,219,0
US,4482,114,0
US,1275,25,0
US,9156,133,0
US,511,9,0
US,12054,280,0
US,957,40,0
US,1455,30,0
US,9586,105,0
US,9153,111,0
US,807,20,0
US,24202,321,0
US,3035,79,0
US,2247,45,0
US,2336,61,0
US,1830,74,0
US,1951,55,0
US,4546,94,0
US,2376,59,0
US,8354,128,0
US,1551,26,0
US,1364,53,0
US,10494,259,0
US,3930,79,0
US,37327,502,0
US,4248,93,0
US,1099,36,0
US,20336,317,0
US,1347,25,0
US,3911,75,0
US,5234,84,0
US,3609,81,0
US,1194,42,0
US,16734,269,0
US,1946,63,0
US,1916,27,0
US,473,9,0
US,2822,71,0
US,5241,62,0
US,5105,147,0
US,10203,153,0
US,26344,335,0
US,1001,28,0
US,19756,392,0
US,5519,117,0
US,0,0,0
US,1551,41,0
US,2213,61,0
US,15208,180,0
US,414,8,0
US,2509,35,0
US,355,8,0
US,1477,23,0
US,2981,30,0
US,4426,60,0
US,627,7,0
US,410,10,0
US,881,18,0
US,115,4,0
US,1112,11,0
US,313,2,0
US,1625,12,0
US,3452,70,0
US,449,10,0
US,672,9,0
US,2718,53,0
US,537,20,0
US,412,7,0
US,1263,12,0
US,382,7,0
US,369,4,0
US,454,12,0
US,313,12,0
US,826,35,0
US,482,26,0
US,233,7,0
US,606,34,0
US,312,2,0
US,311,3,0
US,89,1,0
US,2023,25,0
US,700,16,0
US,132,1,0
US,262,8,0
US,259,15,0
US,67,0,0
US,538,13,0
US,1020,16,0
US,2555,28,0
US,6780,66,0
US,520,9,0
US,260,4,0
US,683,22,0
US,181,1,0
US,2231,24,0
US,215,2,0
US,225,6,0
US,24977,264,0
US,535,14,0
US,1927,35,0
US,11197,131,0
US,285,11,0
US,300,3,0
US,984,32,0
US,305,3,0
US,703,24,0
US,272,2,0
US,111,3,0
US,1162,19,0
US,629,12,0
US,970,49,0
US,0,0,0
US,1608,30,0
US,618,14,0
US,2514,26,0
US,291,8,0
US,5883,72,0
US,4764,61,0
US,1221,31,0
US,1643,9,0
US,11049,99,0
US,9289,73,0
US,2854,36,0
US,1406,15,0
US,2758,52,0
US,4756,87,0
US,2969,24,0
US,1585,31,0
US,1727,19,0
US,896,23,0
US,2924,45,0
US,5010,65,0
US,1688,29,0
US,4719,51,0
US,62616,571,0
US,2143,33,0
US,1364,20,0
US,4747,60,0
US,4392,70,0
US,3509,48,0
US,1993,29,0
US,3678,48,0
US,5101,92,0
US,2777,61,0
US,1845,26,0
US,5673,93,0
US,1262,19,0
US,5968,89,0
US,29010,274,0
US,358,5,0
US,2865,41,0
US,2744,35,0
US,3746,56,0
US,2242,36,0
US,3034,44,0
US,2395,38,0
US,2069,26,0
US,835,22,0
US,1219,12,0
US,1065,19,0
US,4052,64,0
US,1782,28,0
US,34098,299,0
US,1443,13,0
US,2644,28,0
US,4480,58,0
US,1187,19,0
US,3342,34,0
US,4188,39,0
US,2751,45,0
US,8236,153,0
US,2139,26,0
US,2937,30,0
US,9451,104,0
US,4546,66,0
US,2069,38,0
US,962,16,0
US,3986,56,0
US,11878,126,0
US,757,6,0
US,1719,11,0
US,3767,71,0
US,12236,62,0
US,2362,41,0
US,871,23,0
US,598,17,0
US,1191,16,0
US,8812,121,0
US,3181,48,0
US,4428,56,0
US,6865,75,0
US,29139,244,0
US,2280,25,0
US,1124,17,0
US,9072,73,0
US,68079,911,0
US,2079,24,0
US,914,20,0
US,11057,181,0
US,16476,207,0
US,5478,54,0
US,2181,12,0
US,7735,90,0
US,1456,40,0
US,1286,17,0
US,623,6,0
US,4420,43,0
US,10201,165,0
US,2488,17,0
US,3180,43,0
US,2792,39,0
US,18520,121,0
US,12838,128,0
US,4484,65,0
US,1135,25,0
US,4581,149,0
US,732,23,0
US,586,6,0
US,181,5,0
US,3160,68,0
US,1108,15,0
US,805,13,0
US,684,12,0
US,4411,47,0
US,195,7,0
US,3355,46,0
US,16313,168,0
US,120264,1739,0
US,356,7,0
US,35,0,0
US,1075,17,0
US,4648,123,0
US,22916,242,0
US,14312,140,0
US,704,8,0
US,141,2,0
US,629,27,0
US,3038,59,0
US,1362,14,0
US,2480,27,0
US,2900,45,0
US,1270,10,0
US,792,18,0
US,33445,1183,0
US,788,25,0
US,566,10,0
US,1280,50,0
US,1029,15,0
US,1490,11,0
US,2265,77,0
US,1343,7,0
US,748,10,0
US,292,10,0
US,320,10,0
US,490,15,0
US,46392,373,0
US,266,5,0
US,1045,15,0
US,7482,144,0
US,1069,30,0
US,265,3,0
US,2469,32,0
US,5115,32,0
US,149,5,0
US,378,9,0
US,376,10,0
US,649,20,0
US,259,4,0
US,850,19,0
US,169647,2033,0
US,1074,49,0
US,3496,48,0
US,2158,56,0
US,786,3,0
US,35827,352,0
US,171,7,0
US,723,13,0
US,360,7,0
US,917,28,0
US,804,16,0
US,11370,224,0
US,198,2,0
US,78625,1700,0
US,12983,175,0
US,2776,30,0
US,1456,17,0
US,2010,53,0
US,1365,35,0
US,245,9,0
US,785,23,0
US,47,4,0
US,38086,392,0
US,559,12,0
US,1164,24,0
US,1702,12,0
US,456,29,0
US,19910,220,0
US,458,17,0
US,1618,22,0
US,82,1,0
US,366,8,0
US,1666,25,0
US,2316,33,0
US,7826,178,0
US,5036,172,0
US,2456,44,0
US,7492,107,0
US,1598,126,0
US,388,9,0
US,526,16,0
US,809,13,0
US,249,8,0
US,2684,50,0
US,306622,3417,0
US,3069,63,0
US,482,0,0
US,314,11,0
US,12360,126,0
US,462,1,0
US,2474,77,0
US,60022,2201,0
US,2979,34,0
US,2858,79,0
US,3824,72,0
US,1940,70,0
US,1163,24,0
US,3290,67,0
US,600,8,0
US,3269,84,0
US,2222,49,0
US,67,0,0
US,416,9,0
US,1147,20,0
US,1836,44,0
US,96,1,0
US,13277,221,0
US,410,11,0
US,3235,65,0
US,11290,162,0
US,2660,30,0
US,1310,21,0
US,9168,122,0
US,1808,33,0
US,22,2,0
US,57,1,0
US,2460,36,0
US,188,6,0
US,15,0,0
US,197,3,0
US,1912,60,0
US,156,12,0
US,835,14,0
US,1845,99,0
US,2241,68,0
US,1104,15,0
US,1664,53,0
US,1029,28,0
US,1132,24,0
US,4283,93,0
US,1469,28,0
US,278,7,0
US,816,13,0
US,836,12,0
US,1,0,0
US,35236,571,0
US,502,13,0
US,1380,16,0
US,343,17,0
US,493,15,0
US,227,2,0
US,1965,64,0
US,5578,192,0
US,425,12,0
US,15197,284,0
US,69,1,0
US,2674,55,0
US,160,4,0
US,13279,185,0
US,1054,12,0
US,391,12,0
US,1048,14,0
US,1483,38,0
US,27279,264,0
US,2635,50,0
US,644,11,0
US,111,5,0
US,3594,96,0
US,4351,59,0
US,317,18,0
US,1133,29,0
US,22259,548,0
US,1063,17,0
US,206,2,0
US,4003,73,0
US,1925,44,0
US,1270,41,0
US,8796,99,0
US,1262,32,0
US,1035,23,0
US,2218,59,0
US,15798,351,0
US,534,16,0
US,271,18,0
US,10302,174,0
US,275,7,0
US,225,11,0
US,492,26,0
US,1156,29,0
US,499,17,0
US,58,1,0
US,1418,19,0
US,7025,54,0
US,919,17,0
US,2867,52,0
US,409,18,0
US,345,24,0
US,1023,19,0
US,2808,97,0
US,414,14,0
US,165,6,0
US,1733,31,0
US,143,1,0
US,1151,40,0
US,222,6,0
US,8574,267,0
US,746,6,0
US,6692,203,0
US,634,15,0
US,90,1,0
US,87,3,0
US,349,6,0
US,779,13,0
US,157031,1552,0
US,9495,197,0
US,51,1,0
US,534,40,0
US,52,3,0
US,2823,45,0
US,8886,193,0
US,56946,549,0
US,564,9,0
US,869,11,0
US,13550,0,0
US,2158,31,0
US,220,7,0
US,2006,42,0
US,3817,153,0
US,1874,63,0
US,6415,122,0
US,7046,86,0
US,2001,22,0
US,678,9,0
US,2108,60,0
US,28239,451,0
US,2458,74,0
US,468,7,0
US,8273,218,0
US,1434,31,0
US,1976,63,0
US,22315,213,0
US,2346,36,0
US,538,15,0
US,4450,72,0
US,1354,68,0
US,232,20,0
US,1410,30,0
US,1262,10,0
US,996,25,0
US,14858,46,0
US,5980,33,0
US,25023,86,0
US,107386,553,0
US,1406,32,0
US,2045,12,0
US,19024,137,0
US,3214,5,0
US,4542,13,0
US,2466,17,0
US,0,0,0
US,67250,215,0
US,3196,15,0
US,20222,105,0
US,269,4,0
US,501,3,0
US,248,3,0
US,2658,69,0
US,80,0,0
US,542,25,0
US,61,0,0
US,230,1,0
US,312,1,0
US,293,5,0
US,451,8,0
US,9,0,0
US,884,9,0
US,470,5,0
US,404,3,0
US,2036,23,0
US,1709,27,0
US,2837,31,0
US,7366,88,0
US,783,22,0
US,359,7,0
US,1472,10,0
US,732,7,0
US,8993,180,0
US,3365,29,0
US,168,0,0
US,3149,31,0
US,482,6,0
US,1316,18,0
US,938,8,0
US,650,7,0
US,871,23,0
US,1423,12,0
US,514,4,0
US,2113,19,0
US,1062,9,0
US,1502,36,0
US,195,8,0
US,380,6,0
US,2222,34,0
US,9426,101,0
US,13215,171,0
US,393,5,0
US,625,28,0
US,385,4,0
US,150,1,0
US,3036,23,0
US,198,4,0
US,2402,63,0
US,642,6,0
US,924,15,0
US,416,30,0
US,350,2,0
US,44525,683,0
US,305,10,0
US,181,6,0
US,2416,28,0
US,517,17,0
US,786,10,0
US,2366,23,0
US,680,17,0
US,3796,28,0
US,1048,11,0
US,837,35,0
US,616,2,0
US,866,7,0
US,621,7,0
US,793,24,0
US,552,4,0
US,1019,16,0
US,1160,36,0
US,4421,48,0
US,3910,74,0
US,4405,44,0
US,12573,294,0
US,2670,54,0
US,57,0,0
US,889,10,0
US,1536,29,0
US,1968,31,0
US,749,10,0
US,464,4,0
US,175,2,0
US,362,3,0
US,1506,29,0
US,607,4,0
US,14352,161,0
US,931,10,0
US,350,3,0
US,4311,53,0
US,303,4,0
US,2928,29,0
US,941,8,0
US,1014,27,0
US,312,4,0
US,1324,39,0
US,279,12,0
US,5232,42,0
US,357,4,0
US,660,5,0
US,6060,70,0
US,8978,108,0
US,452,31,0
US,433,10,0
US,169,1,0
US,1176,24,0
US,975,13,0
US,1051,33,0
US,784,28,0
US,1458,33,0
US,2717,38,0
US,337,4,0
US,4545,78,0
US,874,6,0
US,1094,17,0
US,1835,9,0
US,25877,261,0
US,1565,33,0
US,1512,7,0
US,164,2,0
US,819,5,0
US,9299,95,0
US,4706,68,0
US,5281,99,0
US,622,6,0
US,3977,48,0
US,1548,16,0
US,1170,27,0
US,1227,35,0
US,2259,74,0
US,1857,55,0
US,1154,42,0
US,4843,67,0
US,5284,25,0
US,1620,32,0
US,4043,90,0
US,247,5,0
US,705,13,0
US,2397,24,0
US,0,0,0
US,16980,152,0
US,1356,33,0
US,3058,46,0
US,1227,13,0
US,699,9,0
US,360,8,0
US,1664,12,0
US,2051,59,0
US,1333,28,0
US,1491,13,0
US,1627,16,0
US,959,18,0
US,11692,164,0
US,4851,35,0
US,716,4,0
US,13344,146,0
US,84,4,0
US,2415,29,0
US,2597,15,0
US,176,2,0
US,8772,83,0
US,95,2,0
US,5981,45,0
US,2220,26,0
US,924,22,0
US,220,1,0
US,62580,1050,0
US,3887,40,0
US,1688,26,0
US,476,3,0
US,2445,31,0
US,250,5,0
US,1492,16,0
US,1757,29,0
US,542,5,0
US,453,4,0
US,25864,348,0
US,74,0,0
US,3299,40,0
US,190,1,0
US,22393,390,0
US,25581,349,0
US,1182,17,0
US,4766,56,0
US,1489,5,0
US,48,0,0
US,3518,35,0
US,3478,55,0
US,2783,27,0
US,19844,317,0
US,792,9,0
US,6391,51,0
US,1087,22,0
US,309,1,0
US,1427,25,0
US,5373,101,0
US,135,0,0
US,263,4,0
US,257,3,0
US,1784,48,0
US,413,1,0
US,776,17,0
US,1521,35,0
US,1015,14,0
US,1922,42,0
US,799,8,0
US,3042,33,0
US,1191,29,0
US,2423,26,0
US,8766,207,0
US,557,4,0
US,784,8,0
US,1693,59,0
US,1909,14,0
US,2139,53,0
US,1059,15,0
US,992,6,0
US,2885,54,0
US,2122,66,0
US,1458,20,0
US,5427,31,0
US,662,11,0
US,657,8,0
US,707,8,0
US,2543,37,0
US,313,2,0
US,574,5,0
US,360,9,0
US,1691,31,0
US,3041,56,0
US,2761,29,0
US,1205,6,0
US,358,7,0
US,312,5,0
US,460,17,0
US,702,13,0
US,338,2,0
US,373,2,0
US,0,0,0
US,964,4,0
US,1742,21,0
US,156,0,0
US,716,16,0
US,229,1,0
US,5038,45,0
US,1207,20,0
US,1430,13,0
US,1061,16,0
US,4617,57,0
US,964,18,0
US,27818,173,0
US,1012,7,0
US,1101,19,0
US,5040,37,0
US,6025,67,0
US,3122,55,0
US,4520,38,0
US,1599,12,0
US,34732,200,0
US,11054,142,0
US,2204,15,0
US,3522,30,0
US,3800,23,0
US,9521,86,0
US,422,12,0
US,11293,75,0
US,916,24,0
US,4557,82,0
US,2407,12,0
US,1736,13,0
US,1746,8,0
US,527,33,0
US,2413,18,0
US,7302,61,0
US,2531,10,0
US,13918,226,0
US,2186,25,0
US,10649,56,0
US,1349,6,0
US,1933,40,0
US,2615,60,0
US,6980,57,0
US,13133,183,0
US,3874,45,0
US,1307,21,0
US,718,10,0
US,92090,1003,0
US,3528,25,0
US,4116,42,0
US,2895,50,0
US,17622,161,0
US,7115,55,0
US,699,5,0
US,3612,35,0
US,3077,23,0
US,5952,54,0
US,1015,5,0
US,19569,259,0
US,1134,13,0
US,13134,126,0
US,1145,13,0
US,4713,31,0
US,1258,11,0
US,4584,67,0
US,11853,97,0
US,6591,28,0
US,1779,19,0
US,3064,30,0
US,0,0,0
US,1588,30,0
US,1671,23,0
US,9439,103,0
US,1110,14,0
US,13228,102,0
US,37254,370,0
US,4786,133,0
US,2071,18,0
US,17128,166,0
US,6049,58,0
US,3469,9,0
US,788,21,0
US,4185,31,0
US,946,15,0
US,803,11,0
US,388,7,0
US,3968,64,0
US,1010,17,0
US,230,1,0
US,518,6,0
US,7045,62,0
US,920,11,0
US,6479,92,0
US,140,2,0
US,2021,10,0
US,440,8,0
US,2543,17,0
US,597,6,0
US,2966,16,0
US,2138,4,0
US,1558,7,0
US,0,0,0
US,781,19,0
US,476,2,0
Uganda,35511,265,11878
Ukraine,39351,397,23213
Ukraine,30234,442,16984
Ukraine,40225,786,29258
Ukraine,25527,517,20306
Ukraine,58991,1426,45557
Ukraine,36909,704,28321
Ukraine,43341,810,30296
Ukraine,70090,1104,56871
Ukraine,17906,439,9560
Ukraine,39692,684,33755
Ukraine,112356,1935,39911
Ukraine,59831,976,36191
Ukraine,8522,254,4371
Ukraine,10830,299,7708
Ukraine,61696,1781,46697
Ukraine,31314,516,14458
Ukraine,71669,1062,45318
Ukraine,36598,752,28482
Ukraine,41275,517,37029
Ukraine,6849,240,6365
Ukraine,40989,529,34513
Ukraine,34194,460,30260
Ukraine,22735,399,15347
Ukraine,33207,516,28923
Ukraine,28313,638,23717
Ukraine,54607,594,21166
Ukraine,39604,660,32103
United Arab Emirates,209678,671,186019
United Kingdom,13,0,12
United Kingdom,604,10,445
United Kingdom,86,1,74
United Kingdom,338,2,294
United Kingdom,0,0,2445
United Kingdom,2190702,81593,0
United Kingdom,29,0,17
United Kingdom,2212,7,1249
United Kingdom,377,25,348
United Kingdom,13,1,12
United Kingdom,72834,1922,0
United Kingdom,4,0,3
United Kingdom,129992,6890,0
United Kingdom,893,6,783
United Kingdom,0,101,0
United Kingdom,148537,5301,0
Uruguay,19753,193,13990
Uzbekistan,77182,614,75244
Vanuatu,1,0,1
Venezuela,113884,1030,107901
Vietnam,1474,35,1325
West Bank and Gaza,139223,1418,118926
Yemen,2101,610,1396
Zambia,20997,390,18773
Zimbabwe,14084,369,11347
US,157,0,0
US,221,3,0
China,6626,0,0
Kiribati,0,0,0
Palau,0,0,0
New Zealand,0,0,0
Summer Olympics 2020,0,0,0
Malaysia,5849,34,2858
Malaysia,3044,12,2878
Malaysia,811,8,498
Malaysia,1243,7,674
Malaysia,7880,14,7131
Malaysia,1384,7,847
Malaysia,3244,16,2902
Malaysia,46,2,44
Malaysia,3712,9,3111
Malaysia,37295,265,34876
Malaysia,1125,19,1064
Malaysia,33171,46,23011
Malaysia,341,1,293
Malaysia,13945,23,9141
Malaysia,1703,8,1598
Malaysia,285,3,244
Malaysia,0,0,0
Tonga,0,0,0
Winter Olympics 2022,0,0,0
Antarctica,0,0,0
United Kingdom,2739,42,0
United Kingdom,298,16,0
"Korea, North",0,0,0
Ukraine,0,0,0
Nauru,0,0,0
New Zealand,0,0,0
Tuvalu,0,0,0
United Kingdom,0,0,0
